song,artist
bad day,daniel powter
temperature,sean paul
promiscuous,nelly furtado featuring timbaland
you're beautiful,james blunt
hips don't lie,shakira featuring wyclef jean
unwritten,natasha bedingfield
crazy,gnarls barkley
ridin',chamillionaire featuring krayzie bone
sexyback,justin timberlake
check on it,beyonce featuring slim thug
be without you,mary j. blige
grillz,"nelly featuring paul wall, ali & gipp"
over my head (cable car),the fray
me & u,cassie
buttons,the pussycat dolls featuring snoop dogg
run it!,chris brown
so sick,ne-yo
it's goin' down,yung joc
sos,rihanna
i write sins not tragedies,panic! at the disco
move along,the all-american rejects
london bridge,fergie
dani california,red hot chili peppers
snap yo fingers,lil jon featuring e-40 & sean paul of the youngbloodz
"lean wit it, rock wit it",dem franchize boyz featuring lil peanut & charlay
what hurts the most,rascal flatts
how to save a life,the fray
unfaithful,rihanna
chasing cars,snow patrol
lips of an angel,hinder
everytime we touch,cascada
ain't no other man ,christina aguilera
"dance, dance",fall out boy
gold digger,kanye west featuring jamie foxx
money maker,ludacris featuring pharrell
ms. new booty,bubba sparxxx featuring ying yang twins & mr. collipark
(when you gonna) give it up to me,sean paul featuring keyshia cole
photograph,nickelback
because of you,kelly clarkson
stickwitu,the pussycat dolls
i'm n luv (wit a stripper),t-pain featuring mike jones
my humps,the black eyed peas
where'd you go,fort minor featuring holly brook
yo (excuse me miss),chris brown
walk away,kelly clarkson
laffy taffy,d4l
what you know,t.i.
dirty little secret,the all-american rejects
savin' me,nickelback
don't forget about us,mariah carey
sexy love,ne-yo
u and dat,e-40 featuring t-pain & kandi girl
far away,nickelback
what's left of me,nick lachey
so what,field mob featuring ciara
do it to it,cherish featuring sean paul of the youngbloodz
black horse & the cherry tree,kt tunstall
there it go! (the whistle song),juelz santana
shoulder lean,young dro featuring t.i.
unpredictable,jamie foxx featuring ludacris
my love,justin timberlake featuring t.i.
shake that,eminem featuring nate dogg
pullin' me back,chingy featuring tyrese
bossy,kelis featuring too $hort
chain hang low,jibbs
smack that,akon featuring eminem
one wish,ray j
"sugar, we're goin' down",fall out boy
gimme that,chris brown featuring lil wayne
i know you see it,yung joc featuring brandy 'ms. b.' hambrick
who says you can't go home,bon jovi
too little too late,jojo
touch it,busta rhymes
rompe,daddy yankee
deja vu,beyonce featuring jay z
life is a highway,rascal flatts
call me when you're sober,evanescence
"jesus, take the wheel",carrie underwood
show stopper,danity kane
get up,ciara featuring chamillionaire
we be burnin',sean paul
hate me,blue october
you and me,lifehouse
beep,the pussycat dolls featuring will.i.am
i think they like me,"dem franchize boyz featuring jermaine dupri, da brat & bow wow"
say goodbye,chris brown
waiting on the world to change,john mayer
soul survivor,young jeezy featuring akon
pump it,the black eyed peas
when i'm gone,eminem
hung up,madonna
stay fly,three 6 mafia featuring young buck & eightball & mjg
love,keyshia cole
when you're mad,ne-yo
why you wanna,t.i.
stupid girls,p!nk
feel good inc,gorillaz
i'm sprung,t-pain
do i make you proud,taylor hicks
for you i will (confidence),teddy geiger
irreplaceable,beyonce
umbrella,rihanna featuring jay-z
the sweet escape,gwen stefani featuring akon
big girls don't cry,fergie
buy u a drank (shawty snappin'),t-pain featuring yung joc
before he cheats,carrie underwood
hey there delilah,plain white t's
i wanna love you,akon featuring snoop dogg
say it right,nelly furtado
glamorous,fergie featuring ludacris
don't matter,akon
girlfriend,avril lavigne
makes me wonder,maroon 5
party like a rockstar,shop boyz
smack that,akon featuring eminem
this is why i'm hot,mims
it's not over,daughtry
the way i are,timbaland featuring keri hilson
fergalicious,fergie
crank that (soulja boy),soulja boy tell'em
give it to me,timbaland featuring nelly furtado & justin timberlake
what goes around...comes around,justin timberlake
cupid's chokehold/breakfast in america,gym class heroes featuring patrick stump
how to save a life,the fray
home,daughtry
my love,justin timberlake featuring t.i.
stronger, kanye west
we fly high,jim jones
u + ur hand,p!nk
walk it out,unk
beautiful girls,sean kingston
"this ain't a scene, it's an arms race",fall out boy
bartender,t-pain featuring akon
"pop, lock & drop it",huey
runaway love,ludacris featuring mary j. blige 
rockstar,nickelback
thnks fr th mmrs,fall out boy
what i've done,linkin park
summer love,justin timberlake
you,lloyd featuring lil wayne
wait for you,elliott yamin
last night,diddy featuring keyshia cole
make it rain,fat joe featuring lil wayne
make me better,fabolous featuring ne-yo
ice box,omarion
lips of an angel,hinder
waiting on the world to change,john mayer
lost without u,robin thicke
i'm a flirt,r. kelly or bow wow (featuring t.i. & t-pain)
if everyone cared,nickelback
get it shawty,lloyd
face down,the red jumpsuit apparatus
the way i live,baby boy da prince featuring lil boosie
shortie like mine,bow wow featuring chris brown & johnta austin
it ends tonight,the all-american rejects
a bay bay,hurricane chris
because of you,ne-yo
i tried,bone thugs-n-harmony featuring akon
welcome to the black parade,my chemical romance
shawty,plies featuring t-pain
chasing cars,snow patrol
beautiful liar,beyonce & shakira
sexyback,justin timberlake
keep holding on,avril lavigne
let it go, keyshia cole featuring missy elliott & lil kim
apologize,timbaland featuring onerepublic
bubbly,colbie caillat
like a boy,ciara
who knew,p!nk
never again,kelly clarkson
promise,ciara
bed,j. holiday
throw some d's,rich boy featuring polow da don
rehab,amy winehouse
big things poppin' (do it),t.i.
no one,alicia keys 
the great escape,boys like girls
2 step,unk
walk away (remember me),paula deanda featuring the dey
go getta,young jeezy featuring r. kelly
here (in your arms),hellogoodbye
on the hotline,pretty ricky
wind it up,gwen stefani
cyclone,baby bash featuring t-pain
break it off,rihanna & sean paul
first time,lifehouse
ayo technology,50 cent featuring justin timberlake & timbaland
outta my system,bow wow featuring t-pain & johnta austin
teardrops on my guitar,taylor swift
shut up and drive,rihanna
snow ((hey oh)),red hot chili peppers
money maker,ludacris featuring pharrell
kiss kiss,chris brown featuring t-pain
far away,nickelback
rock yo hips,crime mob featuring lil scrappy
lovestoned,justin timberlake
better than me,hinder
paralyzer,finger eleven
that's that,snoop dogg featuring r. kelly
same girl,r. kelly duet with usher
low,flo rida featuring t-pain
bleeding love,leona lewis
no one ,alicia keys
lollipop,lil wayne featuring static major
apologize,timbaland featuring onerepublic
no air,jordin sparks duet with chris brown
love song,sara bareilles
love in this club,usher featuring young jeezy
with you,chris brown
forever,chris brown
sexy can i,ray j & yung berg
take a bow,rihanna
viva la vida,coldplay
i kissed a girl,katy perry
whatever you like,t.i.
disturbia,rihanna
don't stop the music,rihanna
pocketful of sunshine,natasha bedingfield
kiss kiss,chris brown featuring t-pain
closer,ne-yo
bubbly,colbie caillat
touch my body,mariah carey
4 minutes,madonna featuring justin timberlake & timbaland
so what,p!nk
paralyzer,finger eleven
clumsy,fergie
i'm yours,jason mraz
leavin',jesse mccartney
dangerous,kardinal offishall featuring akon
tattoo,jordin sparks
see you again,miley cyrus
shake it,metro station
stop and stare,onerepublic
take you there,sean kingston
paper planes,m.i.a.
hot n cold,katy perry
live your life,t.i. featuring rihanna
bust it baby part 2,plies featuring ne-yo
american boy,estelle featuring kanye west
got money,lil wayne featuring t-pain
our song,taylor swift
damaged,danity kane
a milli,lil wayne
sorry,buckcherry
independent,webbie featuring lil' phat & lil' boosie
can't believe it,t-pain featuring lil wayne
like you'll never see me again,alicia keys
teardrops on my guitar,taylor swift
when i grow up,the pussycat dolls 
sensual seduction,snoop dogg
what you got,colby o'donis featuring akon
it's not my time,3 doors down
better in time,leona lewis
crank that (soulja boy),soulja boy tell'em
shadow of the day,linkin park
sweetest girl (dollar bill),"wyclef jean featuring akon, lil wayne & niia"
miss independent,ne-yo
fall for you,secondhand serenade
in the ayer,flo rida featuring will.i.am
say,john mayer
one step at a time,jordin sparks
hate that i love you,rihanna featuring ne-yo
superstar,lupe fiasco featuring matthew santos
suffocate,j. holiday
let it rock,kevin rudolf featuring lil wayne
get like me,david banner featuring chris brown
realize,colbie caillat
put on,young jeezy featuring kanye west
the time of my life,david cook
lolli lolli (pop that body),"three 6 mafia featuring project pat, young d & superpower"
cyclone,baby bash featuring t-pain
love like this,natasha bedingfield featuring sean kingston
burnin' up,jonas brothers
love lockdown,kanye west
i luv your girl,the-dream
crush,david archuleta
hypnotized,plies featuring akon
big girls don't cry,fergie
good life,kanye west featuring t-pain
womanizer,britney spears
love story,taylor swift
just fine,mary j. blige
piece of me,britney spears
the boss,rick ross featuring t-pain
all summer long,kid rock
can't help but wait,trey songz
in love with a girl,gavin degraw
my life,the game featuring lil wayne
i remember,keyshia cole
flashing lights,kanye west featuring dwele
mrs. officer,lil wayne featuring bobby valentino & kidd kidd
7 things,miley cyrus
you're gonna miss this,trace adkins
love remains the same,gavin rossdale
feels like tonight,daughtry
the way i are,timbaland featuring keri hilson
addicted,saving abel
into the night,santana featuring chad kroeger
heaven sent,keyshia cole
she got it,2 pistols featuring t-pain & tay dizm
boom boom pow,the black eyed peas
poker face,lady gaga
just dance,lady gaga featuring colby o'donis
i gotta feeling,the black eyed peas
love story,taylor swift
right round,flo rida
i'm yours,jason mraz
single ladies (put a ring on it),beyonce
heartless,kanye west
gives you hell,the all-american rejects
you belong with me,taylor swift
dead and gone,t.i. featuring justin timberlake
you found me,the fray
use somebody,kings of leon
knock you down,keri hilson featuring kanye west & ne-yo
blame it,jamie foxx featuring t-pain
i know you want me (calle ocho),pitbull
live your life,t.i. featuring rihanna
kiss me thru the phone,soulja boy tell 'em featuring sammie
down,jay sean featuring lil wayne
the climb,miley cyrus
best i ever had,drake
my life would suck without you,kelly clarkson
halo,beyonce
hot n cold,katy perry
second chance,shinedown
circus,britney spears
day 'n' nite,kid cudi
party in the u.s.a.,miley cyrus
don't trust me,3oh!3
run this town,"jay-z, rihanna & kanye west"
let it rock,kevin rudolf featuring lil wayne
fire burning,sean kingston
whatcha say,jason derulo
lovegame,lady gaga
waking up in vegas,katy perry
birthday sex,jeremih
sober,p!nk
womanizer,britney spears
whatever you like,t.i.
obsessed,mariah carey
mad,ne-yo
good girls go bad,cobra starship featuring leighton meester
love lockdown,kanye west
so what,p!nk
hotel room service,pitbull
crack a bottle,"eminem, dr. dre & 50 cent"
if i were a boy,beyonce
turnin me on,keri hilson featuring lil wayne
i hate this part,the pussycat dolls
gotta be somebody,nickelback
please don't leave me,p!nk
paparazzi,lady gaga
beautiful,akon featuring colby o'donis & kardinal offishall
viva la vida,coldplay
right now (na na na),akon
battlefield,jordin sparks
sugar,flo rida featuring wynter
miss independent,ne-yo
fireflies,owl city
new divide,linkin park
empire state of mind,jay-z + alicia keys
no surprise,daughtry
she wolf,shakira
break up,mario featuring gucci mane & sean garrett
sweet dreams,beyonce
every girl,young money
fallin' for you,colbie caillat
untouched,the veronicas
if today was your last day,nickelback
throw it in the bag,fabolous featuring the-dream
love drunk,boys like girls
i love college,asher roth
if u seek amy,britney spears
big green tractor,jason aldean
white horse,taylor swift
disturbia,rihanna
21 guns,green day
turn my swag on,soulja boy tell'em
rockin' that thang,the-dream
chicken fried,zac brown band
diva,beyonce
replay,iyaz
then,brad paisley
her diamonds,rob thomas
how do you sleep?,jesse mccartney featuring ludacris
3,britney spears
forever,"drake featuring kanye west, lil wayne & eminem"
one time,justin bieber
i run to you,lady antebellum
i do not hook up,kelly clarkson
green light,john legend featuring andre 3000
people are crazy,billy currington
whatever it is,zac brown band
already gone,kelly clarkson
goodbye,kristinia debarge
say hey (i love you),michael franti & spearhead featuring cherine anderson
pop champagne,jim jones & ron browz featuring juelz santana
pretty wings,maxwell
never say never,the fray
tik tok,ke$ha
need you now,lady antebellum
"hey, soul sister",train
california gurls,katy perry featuring snoop dogg
omg,usher featuring will.i.am
airplanes,b.o.b featuring hayley williams
love the way you lie,eminem featuring rihanna
bad romance,lady gaga
dynamite,taio cruz
break your heart,taio cruz featuring ludacris
nothin' on you,b.o.b featuring bruno mars
i like it,enrique iglesias featuring pitbull
bedrock,young money featuring lloyd
in my head,jason derulo
rude boy,rihanna
telephone,lady gaga featuring beyonce
teenage dream,katy perry
just the way you are,bruno mars
cooler than me,mike posner
imma be,the black eyed peas
empire state of mind,jay-z + alicia keys
dj got us fallin' in love,usher featuring pitbull
billionaire,travie mccoy featuring bruno mars
not afraid,eminem
replay,iyaz
sexy chick,david guetta featuring akon
breakeven,the script
your love is my drug,ke$ha
i gotta feeling,the black eyed peas
fireflies,owl city
say aah,trey songz featuring fabolous
find your love,drake
alejandro,lady gaga
ridin' solo,jason derulo
just a dream,nelly
how low,ludacris
like a g6,far*east movement featuring cataracs & dev
carry out,timbaland featuring justin timberlake
haven't met you yet,michael buble
club can't handle me,flo rida featuring david guetta
down,jay sean featuring lil wayne
bulletproof,la roux
whatcha say,jason derulo
baby,justin bieber featuring ludacris
whataya want from me,adam lambert
mine,taylor swift
only girl (in the world),rihanna
live like we're dying,kris allen
hard,rihanna featuring jeezy
young forever,jay-z + mr. hudson
blah blah blah,ke$ha featuring 3oh!3
bottoms up,trey songz featuring nicki minaj
do you remember,jay sean featuring sean paul & lil jon
all the right moves,onerepublic
according to you,orianthi
my chick bad,ludacris featuring nicki minaj
you belong with me,taylor swift
meet me halfway,the black eyed peas
take it off,ke$ha
over,drake
animal,neon trees
misery,maroon 5
magic,b.o.b featuring rivers cuomo
paparazzi,lady gaga
tie me down,new boyz featuring ray j
your love,nicki minaj
party in the u.s.a.,miley cyrus
deuces,chris brown featuring tyga & kevin mccall
3,britney spears
impossible,shontelle
forever ,"drake featuring kanye west, lil wayne & eminem"
two is better than one,boys like girls featuring taylor swift
my first kiss,3oh!3 featuring ke$ha
already gone,kelly clarkson
rock that body,the black eyed peas
secrets,onerepublic
naturally,selena gomez & the scene
un-thinkable (i'm ready),alicia keys
all i do is win,"dj khaled featuring t-pain, ludacris, snoop dogg & rick ross"
i made it (cash money heroes),"kevin rudolf featuring birdman, jay sean, & lil wayne"
stuck like glue,sugarland
 hey daddy (daddy's home),usher featuring plies
there goes my baby,usher
today was a fairytale,taylor swift
say something,timbaland featuring drake
sweet dreams,beyonce
use somebody,kings of leon
undo it,carrie underwood
eenie meenie,sean kingston & justin bieber
right above it,lil wayne featuring drake
the house that built me,miranda lambert
if i die young,the band perry
the only exception,paramore
american honey,lady antebellum
king of anything,sara bareilles
life after you,daughtry
smile,uncle kracker
teach me how to dougie,cali swag district
try sleeping with a broken heart,alicia keys
"lover, lover",jerrod niemann
rolling in the deep,adele
party rock anthem,lmfao featuring lauren bennett & goonrock
firework,katy perry
e.t.,katy perry featuring kanye west
give me everything,"pitbull featuring ne-yo, afrojack & nayer"
grenade,bruno mars
super bass,nicki minaj
moves like jagger,maroon 5 featuring christina aguilera
just can't get enough,the black eyed peas
on the floor,jennifer lopez featuring pitbull
s&m,rihanna
pumped up kicks,foster the people
last friday night (t.g.i.f.),katy perry
just the way you are,bruno mars
tonight (i'm lovin' you),enrique iglesias featuring ludacris & dj frank e
raise your glass,p!nk
born this way,lady gaga
f**kin' perfect,p!nk
what's my name?,rihanna featuring drake
look at me now,chris brown featuring lil wayne & busta rhymes
down on me,jeremih featuring 50 cent
how to love,lil wayne
someone like you,adele
good life,onerepublic
the lazy song,bruno mars
till the world ends,britney spears
the show goes on,lupe fiasco
the edge of glory,lady gaga
we r who we r,ke$ha
black and yellow,wiz khalifa
tonight tonight,hot chelle rae
blow,ke$ha
lighters,bad meets evil featuring bruno mars
if i die young,the band perry
stereo hearts,gym class heroes featuring adam levine
the time (dirty bit),the black eyed peas
coming home,diddy - dirty money featuring skylar grey
hey baby (drop it to the floor),pitbull featuring t-pain
only girl (in the world),rihanna
6 foot 7 foot,lil wayne featuring cory gunz
just a kiss,lady antebellum
dirt road anthem,jason aldean
dynamite,taio cruz
no hands,waka flocka flame featuring roscoe dash & wale
i wanna go,britney spears
i'm on one,"dj khaled featuring drake, rick ross & lil wayne"
you make me feel...,cobra starship featuring sabi
yeah 3x,chris brown
moment 4 life,nicki minaj featuring drake
i need a doctor,dr. dre featuring eminem & skylar grey
just a dream,nelly
motivation,kelly rowland featuring lil wayne
stereo love,edward maya & vika jigulina
jar of hearts,christina perri
roll up,wiz khalifa
sexy and i know it,lmfao
rocketeer,far*east movement featuring ryan tedder
all of the lights,kanye west
hold it against me,britney spears
more,usher
what the hell,avril lavigne
written in the stars,tinie tempah featuring eric turner
bottoms up,trey songz featuring nicki minaj
dj got us fallin' in love,usher featuring pitbull
for the first time,the script
honey bee,blake shelton
don't you wanna stay,jason aldean with kelly clarkson
we found love,rihanna featuring calvin harris
pretty girl rock,keri hilson
you and i,lady gaga
like a g6,far*east movement featuring cataracs & dev
without you,david guetta featuring usher
 back to december,taylor swift
teenage dream,katy perry
crazy girl,eli young band
cheers (drink to that),rihanna
who says,selena gomez & the scene
barefoot blue jean night,jake owen
knee deep,zac brown band featuring jimmy buffett
country girl (shake it for me),luke bryan
remind me,brad paisley duet with carrie underwood
in the dark,dev
backseat,new boyz featuring the cataracs & dev
headlines,drake
best thing i never had,beyonce
don't wanna go home,jason derulo
where them girls at,david guetta featuring flo rida & nicki minaj
she ain't you,chris brown
take a back road,rodney atkins
please don't go,mike posner
sure thing,miguel
price tag,jessie j featuring b.o.b
god gave me you,blake shelton
she will,lil wayne featuring drake
are you gonna kiss me or not,thompson square
animal,neon trees
you and tequila,kenny chesney featuring grace potter
colder weather,zac brown band
my last,big sean featuring chris brown
somebody that i used to know,gotye featuring kimbra
call me maybe,carly rae jepsen
 we are young,fun. featuring janelle monae
payphone,maroon 5 featuring wiz khalifa
lights,ellie goulding
glad you came,the wanted
stronger (what doesn't kill you),kelly clarkson
we found love,rihanna featuring calvin harris
starships,nicki minaj
what makes you beautiful,one direction
wild ones,flo rida featuring sia
set fire to the rain,adele
sexy and i know it,lmfao
some nights,fun.
wide awake,katy perry
good feeling,flo rida
whistle,flo rida
one more night,maroon 5
drive by,train
the motto,drake featuring lil wayne
where have you been,rihanna
everybody talks,neon trees
take care,drake featuring rihanna
titanium,david guetta featuring sia
i won't give up,jason mraz
it will rain,bruno mars
mercy,"kanye west, big sean, pusha t, 2 chainz"
boyfriend,justin bieber
party rock anthem,lmfao featuring lauren bennett & goonrock
too close,alex clare
part of me,katy perry
"young, wild & free",snoop dogg & wiz khalifa featuring bruno mars
we are never ever getting back together,taylor swift
as long as you love me,justin bieber featuring big sean
turn me on,david guetta featuring nicki minaj
moves like jagger,maroon 5 featuring christina aguilera
blow me (one last kiss),p!nk
good time,owl city & carly rae jepsen
give your heart a break,demi lovato
ni**as in paris ,jay z kanye west
the one that got away,katy perry
feel so close,calvin harris
someone like you,adele
scream,usher
rack city,tyga
domino,jessie j
gangnam style,psy
international love,pitbull featuring chris brown
home,phillip phillips
without you,david guetta featuring usher
ass back home,gym class heroes featuring neon hitch
wanted,hunter hayes
drunk on you,luke bryan
no lie,2 chainz featuring drake
want u back,cher lloyd
don't wake me up,chris brown
dance (a$$),big sean featuring nicki minaj
springsteen,eric church
brokenhearted,karmin
not over you,gavin degraw
stereo hearts,gym class heroes featuring adam levine
back in time,pitbull
work out,j. cole
rumour has it,adele
let's go,calvin harris featuring ne-yo
good girl,carrie underwood
pontoon,little big town
ho hey,the lumineers
 paradise,coldplay
blown away,carrie underwood
rolling in the deep,adele
climax,usher
"work hard, play hard",wiz khalifa
let me love you (until you learn to love yourself),ne-yo
pound the alarm,nicki minaj
come over,kenny chesney
heart attack,trey songz
drank in my cup,kirko bangz
birthday cake,rihanna featuring chris brown
so good,b.o.b
50 ways to say goodbye,train
red solo cup,toby keith
love you like a love song,selena gomez & the scene
turn up the music,chris brown
die young,ke$ha
5 o'clock,t-pain featuring wiz khalifa & lily allen
a thousand years,christina perri
take a little ride,jason aldean
you da one,rihanna
we run the night,havana brown featuring pitbull
it's time,imagine dragons
cashin' out,ca$h out
i don't want this night to end,luke bryan
diamonds,rihanna
hard to love,lee brice
somethin' 'bout a truck,kip moore
adorn,miguel
fly over states,jason aldean
even if it breaks your heart,eli young band
burn it down,linkin park
thrift shop,macklemore & ryan lewis featuring wanz
blurred lines,robin thicke featuring t.i. + pharrell
radioactive,imagine dragons
harlem shake,baauer
can't hold us,macklemore & ryan lewis featuring ray dalton
mirrors,justin timberlake
just give me a reason,p!nk featuring nate ruess
when i was your man,bruno mars
cruise,florida georgia line featuring nelly
roar,katy perry
locked out of heaven,bruno mars
ho hey,the lumineers
stay,rihanna featuring mikky ekko
get lucky,daft punk featuring pharrell williams
royals,lorde
i knew you were trouble.,taylor swift
we can't stop,miley cyrus
wrecking ball,miley cyrus
wake me up!,avicii
suit & tie,justin timberlake featuring jay z
cups (pitch perfect's when i'm gone),anna kendrick
holy grail,jay z featuring justin timberlake
scream & shout,will.i.am & britney spears
clarity,zedd featuring foxes
sail,awolnation
don't you worry child,swedish house mafia featuring john martin
diamonds,rihanna
i love it,icona pop featuring charli xcx
safe and sound,capital cities
treasure,bruno mars
the way,ariana grande featuring mac miller
started from the bottom,drake
come & get it,selena gomez
"hold on, we're going home",drake featuring majid jordan
daylight,maroon 5
feel this moment,pitbull featuring christina aguilera
applause,lady gaga
one more night,maroon 5
love me,lil wayne featuring drake & future
my songs know what you did in the dark (light em up),fall out boy
f**kin problems,"a$ap rocky featuring drake, 2 chainz & kendrick lamar"
beauty and a beat,justin bieber featuring nicki minaj
same love,macklemore & ryan lewis featuring mary lambert
sweet nothing,calvin harris featuring florence welch
summertime sadness,lana del rey & cedric gervais
 home,phillip phillips
it's time,imagine dragons
power trip,j. cole featuring miguel
girl on fire,alicia keys featuring nicki minaj
heart attack,demi lovato
love somebody,maroon 5
i will wait,mumford & sons
try,p!nk
wagon wheel,darius rucker
gangnam style,psy
i need your love,calvin harris featuring ellie goulding
die young,ke$ha
some nights,fun.
bad,wale featuring tiara thomas or rihanna
boys 'round here,blake shelton featuring pistol annies & friends
"gone, gone, gone",phillip phillips
demons,imagine dragons
counting stars,onerepublic
i cry,flo rida
little talks,of monsters and men
the other side,jason derulo
berzerk,eminem
catch my breath,kelly clarkson
crash my party,luke bryan
pour it up,rihanna
22,taylor swift
i want crazy,hunter hayes
the fox,ylvis
best song ever,one direction
the a team,ed sheeran
carry on,fun.
highway don't care,tim mcgraw with taylor swift
that's my kind of night,luke bryan
swimming pools (drank),kendrick lamar
sure be cool if you did,blake shelton
#beautiful,mariah carey featuring miguel
troublemaker,olly murs featuring flo rida
body party,ciara
adorn ,miguel
hall of fame,the script featuring will.i.am
let me love you (until you learn to love yourself),ne-yo
u.o.e.n.o.,rocko featuring future & rick ross
next to me,emeli sande
mama's broken heart ,miranda lambert
it goes like this,thomas rhett
bugatti,ace hood featuring future & rick ross
wanted,hunter hayes
downtown,lady antebellum
get your shine on,florida georgia line
#thatpower,will.i.am featuring justin bieber
brave,sara bareilles
let her go,passenger
runnin' outta moonlight,randy houser
i'm different,2 chainz
still into you,paramore
happy,pharrell williams
dark horse,katy perry featuring juicy j
all of me,john legend
fancy,iggy azalea featuring charli xcx
counting stars,onerepublic
talk dirty,jason derulo featuring 2 chainz
rude,magic!
all about that bass,meghan trainor
problem,ariana grande featuring iggy azalea
stay with me,sam smith
timber,pitbull featuring ke$ha
pompeii,bastille
shake it off,taylor swift
am i wrong,nico & vinz
turn down for what ,dj snake & lil jon
the monster,eminem featuring rihanna
say something,a great big world & christina aguilera
team,lorde
let her go,passenger
royals,lorde
let it go,idina menzel
wake me up!,avicii
demons,imagine dragons
story of my life,one direction
chandelier,sia
black widow,iggy azalea featuring rita ora 
bang bang,"jessie j, ariana grande & nicki minaj"
latch,disclosure featuring sam smith
maps,maroon 5
loyal,chris brown featuring lil wayne & french montana or too $hort or tyga
best day of my life,american authors
habits (stay high),tove lo
summer,calvin harris
boom clap,charli xcx
drunk in love,beyonce featuring jay z
anaconda,nicki minaj
break free,ariana grande featuring zedd
bailando,enrique iglesias featuring descemer bueno & gente de zona
burn,ellie goulding
wiggle,jason derulo featuring snoop dogg
rather be,clean bandit featuring jess glynne
don't tell 'em ,jeremih featuring yg
show me,kid ink featuring chris brown
wrecking ball,miley cyrus
not a bad thing,justin timberlake
roar,katy perry
ain't it fun,paramore
the man,aloe blacc
this is how we roll,florida georgia line featuring luke bryan
classic,mkto
a sky full of stars,coldplay
don't,ed sheeran
na na,trey songz
hot boy,bobby shmurda
"hold on, we're going home",drake featuring majid jordan
sing,ed sheeran
radioactive,imagine dragons
my hitta,yg featuring jeezy & rich homie quan
cool kids,echosmith
hey brother,avicii
trumpets,jason derulo
animals,maroon 5
burnin' it down,jason aldean
play it again,luke bryan
2 on,tinashe featuring schoolboy q
dirt,florida georgia line
love runs out,onerepublic
bottoms up,brantley gilbert
shower,becky g
me and my broken heart,rixton
animals,martin garrix
lifestyle,rich gang featuring young thug & rich homie quan
american kids,kenny chesney
brave,sara bareilles
sweater weather,the neighbourhood
leave the night on,sam hunt
new flame,chris brown featuring usher & rick ross
love never felt so good,michael jackson & justin timberlake
drunk on a plane,dierks bentley
birthday,katy perry
bartender,lady antebellum
la la la,naughty boy featuring sam smith
blurred lines,robin thicke featuring t.i. + pharrell
do what u want,lady gaga featuring r. kelly
can't remember to forget you,shakira featuring rihanna
amnesia,5 seconds of summer
no mediocre,t.i. featuring iggy azalea
come with me now,kongos
believe me,lil wayne featuring drake
23,"mike will made-it featuring miley cyrus, wiz khalifa & juicy j"
beachin',jake owen
white walls,macklemore & ryan lewis featuring schoolboy q & hollis
she looks so perfect,5 seconds of summer
stay the night,zedd featuring hayley williams
partition,beyonce
studio,schoolboy q featuring bj the chicago kid
0 to 100 / the catch up,drake
i don't dance,lee brice
somethin' bad,miranda lambert duet with carrie underwood
adore you,miley cyrus
uptown funk!,mark ronson featuring bruno mars
thinking out loud,ed sheeran
see you again,wiz khalifa featuring charlie puth
trap queen,fetty wap
sugar,maroon 5
shut up and dance,walk the moon
blank space,taylor swift
watch me,silento
earned it (fifty shades of grey),the weeknd
the hills,the weeknd
cheerleader,omi
can't feel my face,the weeknd
love me like you do,ellie goulding
take me to church,hozier
bad blood,taylor swift featuring kendrick lamar
lean on,major lazer & dj snake featuring mo
want to want me,jason derulo
shake it off,taylor swift
where are u now,skrillex & diplo with justin bieber
fight song,rachel platten
679,fetty wap featuring remy boyz
lips are movin,meghan trainor
worth it,fifth harmony featuring kid ink
post to be,omarion featuring chris brown & jhene aiko
"honey, i'm good.",andy grammer
i'm not the only one,sam smith
good for you,selena gomez featuring a$ap rocky
all about that bass,meghan trainor
style,taylor swift
hotline bling,drake
hey mama,"david guetta featuring nicki minaj, bebe rexha & afrojack"
g.d.f.r.,flo rida featuring sage the gemini & lookas
what do you mean?,justin bieber
photograph,ed sheeran
hello,adele
stitches,shawn mendes
talking body,tove lo
jealous,nick jonas
time of our lives,pitbull & ne-yo
locked away,r. city featuring adam levine
somebody,natalie la rose featuring jeremih
fourfiveseconds,rihanna & kanye west & paul mccartney
centuries,fall out boy
my way,fetty wap featuring monty
take your time,sam hunt
animals,maroon 5
i don't f**k with you,big sean featuring e-40
b**** better have my money,rihanna
flex (ooh ooh ooh),rich homie quan
nasty freestyle,t-wayne
only,"nicki minaj featuring drake, lil wayne & chris brown"
elastic heart,sia
cool for the summer,demi lovato
renegades,x ambassadors
i don't mind,usher featuring juicy j
love me harder,ariana grande & the weeknd
wildest dreams,taylor swift
stay with me,sam smith
you know you like it,dj snake & alunageorge
uma thurman,fall out boy
7/11,beyonce
the heart wants what it wants,selena gomez
girl crush,little big town
slow motion,trey songz
drag me down,one direction
truffle butter,nicki minaj featuring drake & lil wayne
one last time,ariana grande
chains,nick jonas
all eyes on you,meek mill featuring chris brown & nicki minaj
no type,rae sremmurd
riptide,vance joy
classic man,jidenna featuring roman gianarthur
ex's & oh's,elle king
dear future husband,meghan trainor
marvin gaye,charlie puth featuring meghan trainor
like i'm gonna lose you,meghan trainor featuring john legend
habits (stay high),tove lo
the hanging tree,james newton howard featuring jennifer lawrence
coco,o.t. genasis
bang bang,"jessie j, ariana grande & nicki minaj"
lay me down,sam smith
tuesday,i love makonnen featuring drake
hit the quan,ilovememphis
downtown,"macklemore & ryan lewis featuring eric nally, melle mel, kool moe dee & grandmaster caz"
house party,sam hunt
ayo,chris brown & tyga
kick the dust up,luke bryan
blessings,big sean featuring drake
budapest,george ezra
chandelier,sia
heartbeat song,kelly clarkson
don't,ed sheeran
ghost,ella henderson
here,alessia cara
waves,mr. probz
el perdon (forgiveness),nicky jam & enrique iglesias
she knows,ne-yo featuring juicy j
night changes,one direction
back to back,drake
how deep is your love,calvin harris & disciples
love yourself,justin bieber
sorry,justin bieber
one dance,drake featuring wizkid & kyla
work,rihanna featuring drake
stressed out,twenty one pilots
panda,desiigner
hello,adele
don't let me down,the chainsmokers featuring daya
can't stop the feeling!,justin timberlake
closer,the chainsmokers featuring halsey
cheap thrills,sia featuring sean paul
7 years,lukas graham
needed me,rihanna
my house,flo rida
i took a pill in ibiza,mike posner
work from home,fifth harmony featuring ty dolla $ign
this is what you came for,calvin harris featuring rihanna
cake by the ocean,dnce
"me, myself & i",g-eazy x bebe rexha
ride,twenty one pilots
heathens,twenty one pilots
pillowtalk,zayn
stitches,shawn mendes
hotline bling,drake
cold water,major lazer featuring justin bieber & mo
send my love (to your new lover),adele
roses,the chainsmokers featuring rozes
treat you better,shawn mendes
too good,drake featuring rihanna
low life,future featuring the weeknd
what do you mean?,justin bieber
the hills,the weeknd
just like fire,p!nk
broccoli,d.r.a.m. featuring lil yachty
don't,bryson tiller
dangerous woman,ariana grande
jumpman,drake & future
i hate u i love u,gnash featuring olivia o'brien
here,alessia cara
same old love,selena gomez
controlla,drake
like i'm gonna lose you,meghan trainor featuring john legend
one call away,charlie puth
let it go,james bay
no,meghan trainor
never forget you,zara larsson & mnek
let me love you,dj snake featuring justin bieber
don't mind,kent jones
h.o.l.y.,florida georgia line
we don't talk anymore, charlie puth featuring selena gomez
into you,ariana grande
gold,kiiara
exchange,bryson tiller 
679,fetty wap featuring remy boyz
oui,jeremih
hands to myself,selena gomez
2 phones,kevin gates
starboy,the weeknd featuring daft punk
for free,dj khaled featuring drake
never be like you,flume featuring kai
in the night,the weeknd
me too,meghan trainor
ex's & oh's,elle king
die a happy man,thomas rhett
white iverson,post malone
close,nick jonas featuring tove lo
unsteady,x ambassadors
sucker for pain,"lil wayne, wiz khalifa & imagine dragons with logic & ty dolla $ign feat. x ambassadors"
down in the dm,yo gotti featuring nicki minaj
luv,tory lanez
sorry,beyonce
can't feel my face,the weeknd
hymn for the weekend,coldplay
say it,tory lanez
antidote,travis scott
lost boy,ruth b
side to side,ariana grande featuring nicki minaj
"sit still, look pretty",daya
wildest dreams,taylor swift
middle,dj snake featuring bipolar sunshine
on my mind,ellie goulding
pop style,drake featuring the throne
when we were young,adele
hide away,daya
lean on,major lazer & dj snake featuring mo
i know what you did last summer,shawn mendes & camila cabello
watch me,silento
back to sleep,chris brown
no limit,usher featuring young thug
cut it,o.t. genasis featuring young dolph
really really,kevin gates
all in my head (flex),fifth harmony featuring fetty wap
starving,hailee steinfeld & grey featuring zedd
adventure of a lifetime,coldplay
humble and kind,tim mcgraw
wicked,future
tiimmy turner,desiigner
see you again,wiz khalifa featuring charlie puth
perfect,one direction
shape of you,ed sheeran
despacito,luis fonsi & daddy yankee featuring justin bieber
that's what i like,bruno mars
humble.,kendrick lamar
something just like this,the chainsmokers & coldplay
bad and boujee,migos featuring lil uzi vert
closer,the chainsmokers featuring halsey
body like a back road,sam hunt
believer,imagine dragons
congratulations,post malone featuring quavo
say you won't let go,james arthur
i'm the one,"dj khaled featuring justin bieber, quavo, chance the rapper & lil wayne"
xo tour llif3,lil uzi vert
mask off,future
unforgettable,french montana featuring swae lee
24k magic,bruno mars
stay,zedd & alessia cara
wild thoughts,dj khaled featuring rihanna & bryson tiller
black beatles,rae sremmurd featuring gucci mane
starboy,the weeknd featuring daft punk
location,khalid
attention,charlie puth
there's nothing holdin' me back,shawn mendes
bodak yellow (money moves),cardi b
redbone,childish gambino
i don't wanna live forever (fifty shades darker),zayn / taylor swift
it ain't me,kygo x selena gomez
ispy,kyle featuring lil yachty
issues,julia michaels
scars to your beautiful,alessia cara
1-800-273-8255,logic featuring alessia cara & khalid
slow hands,niall horan
love on the brain,rihanna
i feel it coming,the weeknd featuring daft punk
bounce back,big sean
strip that down,liam payne featuring quavo
fake love,drake
don't wanna know,maroon 5 featuring kendrick lamar
look what you made me do,taylor swift
castle on the hill,ed sheeran
bad things,machine gun kelly x camila cabello
paris,the chainsmokers
side to side,ariana grande featuring nicki minaj
rockabye,clean bandit featuring sean paul & anne-marie
feel it still,portugal. the man
let me love you,dj snake featuring justin bieber
sorry not sorry,demi lovato
bank account,21 savage
can't stop the feeling!,justin timberlake
mi gente,j balvin & willy william featuring beyonce
thunder,imagine dragons
t-shirt,migos
rake it up,yo gotti featuring nicki minaj
mercy,shawn mendes
tunnel vision,kodak black
rockstar,post malone featuring 21 savage
in case you didn't know,brett young
heathens,twenty one pilots
now or never,halsey
caroline,amine
rolex,ayo & teo
dna.,kendrick lamar
juju on that beat (tz anthem),zay hilfigerrr & zayion mccall
swang,rae sremmurd
passionfruit,drake
loyalty.,kendrick lamar featuring rihanna
praying,kesha
goosebumps,travis scott
cold,maroon 5 featuring future
broccoli,d.r.a.m. featuring lil yachty 
slide,calvin harris featuring frank ocean & migos
what ifs,kane brown featuring lauren alaina
chained to the rhythm,katy perry featuring skip marley
feels,"calvin harris featuring pharrell williams, katy perry & big sean"
all time low,jon bellion
hurricane,luke combs
too good at goodbyes,sam smith
young dumb & broke,khalid
magnolia,playboi carti
love galore,sza featuring travis scott
drowning,a boogie wit da hoodie featuring kodak black
starving,hailee steinfeld & grey featuring zedd
both,gucci mane featuring drake
what about us,p!nk 
swalla,jason derulo featuring nicki minaj & ty dolla $ign
slippery,migos featuring gucci mane
sign of the times,harry styles
water under the bridge,adele
malibu,miley cyrus
down,marian hill
no promises,cheat codes featuring demi lovato
treat you better,shawn mendes
i get the bag,gucci mane featuring migos
small town boy,dustin lynch
everyday we lit,yfn lucci featuring pnb rock
havana,camila cabello featuring young thug
what lovers do,maroon 5 featuring sza
do re mi,blackbear
look at me!,xxxtentacion
the fighter,keith urban featuring carrie underwood
god's plan,drake
perfect,ed sheeran
meant to be,bebe rexha & florida georgia line
havana,camila cabello featuring young thug
rockstar,post malone featuring 21 savage
psycho,post malone featuring ty dolla $ign
i like it,"cardi b, bad bunny & j balvin"
the middle,"zedd, maren morris & grey"
in my feelings,drake
girls like you,maroon 5 featuring cardi b
nice for what,drake
lucid dreams,juice wrld
better now,post malone
finesse,bruno mars & cardi b
boo'd up,ella mai
new rules,dua lipa
sad!,xxxtentacion
never be the same,camila cabello
love lies,khalid & normani
no tears left to cry,ariana grande
mine,bazzi
thunder,imagine dragons
look alive,blocboy jb featuring drake
delicate,taylor swift
yes indeed,lil baby & drake
friends,marshmello & anne-marie
bad at love,halsey
taste,tyga featuring offset
let you down,nf
no limit,g-eazy featuring a$ap rocky & cardi b
fefe,6ix9ine featuring nicki minaj & murda beatz
tequila,dan + shay
feel it still,portugal. the man
motorsport,"migos, nicki minaj & cardi b"
i like me better,lauv
youngblood,5 seconds of summer
whatever it takes,imagine dragons
ric flair drip,offset & metro boomin
i fall apart,post malone
pray for me,the weeknd & kendrick lamar
back to you,selena gomez
sicko mode,travis scott
walk it talk it,migos featuring drake
gucci gang,lil pump
him & i,g-eazy & halsey
in my blood,shawn mendes
all the stars,kendrick lamar & sza
stir fry,migos
too good at goodbyes,sam smith
love.,kendrick lamar featuring zacari
this is america,childish gambino
nonstop,drake
heaven,kane brown
bodak yellow (money moves),cardi b
freaky friday,lil dicky featuring chris brown
gummo,6ix9ine
plug walk,rich the kid
wait,maroon 5
be careful,cardi b
wolves,selena gomez x marshmello
bartier cardi,cardi b featuring 21 savage
god is a woman,ariana grande
big bank,"yg featuring 2 chainz, big sean & nicki minaj"
sorry not sorry,demi lovato
how long,charlie puth
lights down low,max featuring gnash
young dumb & broke,khalid
one kiss,calvin harris & dua lipa
natural,imagine dragons
you make it easy,jason aldean
shape of you,ed sheeran
i get the bag,gucci mane featuring migos
no brainer,"dj khaled featuring justin bieber, chance the rapper & quavo"
plain jane,a$ap ferg featuring nicki minaj
sky walker,miguel featuring travis scott
marry me,thomas rhett
eastside,"benny blanco, halsey & khalid"
call out my name,the weeknd
king's dead,"jay rock, kendrick lamar, future & james blake"
happier,marshmello & bastille
te bote,"casper magico, nio garcia, darell, nicky jam, ozuna & bad bunny"
simple,florida georgia line
lemon,n*e*r*d & rihanna
1-800-273-8255,logic featuring alessia cara & khalid
say something,justin timberlake featuring chris stapleton
i'm upset,drake
get along,kenny chesney
moonlight,xxxtentacion
what lovers do,maroon 5 featuring sza
x,nicky jam x j balvin
outside today,youngboy never broke again
trip,ella mai
dura,daddy yankee
changes,xxxtentacion
mercy,brett young
one number away,luke combs
powerglide,rae sremmurd & juicy j
idgaf,dua lipa
mi gente,j balvin & willy william featuring beyonce
believer,imagine dragons
old town road,lil nas x featuring billy ray cyrus
sunflower (spider-man: into the spider-verse),post malone & swae lee
without me,halsey
bad guy,billie eilish
wow.,post malone
happier,marshmello & bastille
7 rings,ariana grande
talk,khalid
sicko mode,travis scott
sucker ,jonas brothers
high hopes,panic! at the disco
"thank u, next",ariana grande
truth hurts,lizzo
dancing with a stranger,sam smith & normani
senorita,shawn mendes & camila cabello
i don't care,ed sheeran & justin bieber
eastside,"benny blanco, halsey & khalid"
going bad,meek mill featuring drake
shallow,lady gaga & bradley cooper
better,khalid
no guidance,chris brown featuring drake
girls like you,maroon 5 featuring cardi b
sweet but psycho,ava max
suge,dababy
middle child,j. cole
drip too hard,lil baby & gunna
someone you loved,lewis capaldi
ran$om,lil tecca
if i can't have you,shawn mendes
goodbyes,post malone featuring young thug
zeze,kodak black featuring travis scott & offset
better now,post malone
youngblood,5 seconds of summer
money in the grave,drake featuring rick ross
speechless,dan + shay
"break up with your girlfriend, i'm bored",ariana grande
please me,cardi b & bruno mars
money,cardi b
you need to calm down, taylor swift
panini,lil nas x
look back at it,a boogie wit da hoodie
 a lot,21 savage
me!,taylor swift featuring brendon urie
mia,bad bunny featuring drake
pop out,polo g featuring lil tjay
beautiful crazy,luke combs
thotiana,blueface
lucid dreams,juice wrld
mo bamba,sheck wes
beautiful people,ed sheeran featuring khalid
wake up in the sky,gucci mane x bruno mars x kodak black
whiskey glasses,morgan wallen
god's country,blake shelton
be alright,dean lewis
pure water,mustard & migos
the git up,blanco brown
taki taki,"dj snake featuring selena gomez, ozuna & cardi b"
close to me,ellie goulding x diplo featuring swae lee
envy me,calboy
you say,lauren daigle
"hey look ma, i made it",panic! at the disco
circles,post malone
beer never broke my heart,luke combs
the london,"young thug, j. cole & travis scott"
con calma ,daddy yankee & katy perry featuring snow
murder on my mind,ynw melly
when the party's over,billie eilish
act up,city girls
i like it,"cardi b, bad bunny & j balvin"
trampoline,shaed
leave me alone,flipp dinero
breathin,ariana grande
bury a friend,billie eilish
close friends,lil baby
baby shark,pinkfong
my type,saweetie
worth it,yk osiris
only human,jonas brothers
knockin' boots,luke bryan
trip,ella mai
rumor,lee brice
swervin,a boogie wit da hoodie featuring 6ix9ine
how do you sleep?,sam smith
baby,lil baby & dababy
look what god gave her,thomas rhett
good as you,kane brown
clout,offset featuring cardi b
love lies,khalid & normani
one thing right,marshmello & kane brown
cash shit,megan thee stallion featuring dababy
tequila,dan + shay
shotta flow,nle choppa
hot girl summer,"megan thee stallion, nicki minaj & ty dolla $ign"
talk you out of it,florida georgia line
beautiful,bazzi featuring camila cabello
eyes on you,chase rice
all to myself,dan + shay
boyfriend,ariana grande & social house
walk me home,p!nk
robbery,juice wrld
blinding lights,the weeknd
circles,post malone
the box,roddy ricch
don't start now,dua lipa
rockstar,dababy featuring roddy ricch
adore you,harry styles
life is good,future featuring drake
memories,maroon 5
the bones,maren morris
someone you loved,lewis capaldi
say so,doja cat
i hope,gabby barrett featuring charlie puth
whats poppin,"jack harlow featuring dababy, tory lanez & lil wayne"
dance monkey,tones and i
savage,megan thee stallion
roxanne,arizona zervas
intentions,justin bieber featuring quavo
everything i wanted,billie eilish
roses,saint jhn
watermelon sugar,harry styles
before you go,lewis capaldi
falling,trevor daniel
"10,000 hours",dan + shay & justin bieber
wap,cardi b featuring megan thee stallion
ballin',mustard & roddy ricch
hot girl bummer,blackbear
blueberry faygo,lil mosey
heartless,the weeknd
bop,dababy
lose you to love me,selena gomez
good as hell,lizzo
toosie slide,drake
break my heart,dua lipa
chasin' you,morgan wallen
savage love (laxed - siren beat),jawsh 685 x jason derulo
no guidance,chris brown featuring drake
my oh my,camila cabello featuring dababy
dynamite,bts
go crazy,chris brown & young thug
high fashion,roddy ricch featuring mustard
laugh now cry later,drake featuring lil durk
woah,lil baby
death bed,powfu featuring beabadoobee
senorita,shawn mendes & camila cabello
highest in the room,travis scott
bad guy,billie eilish
mood,24kgoldn featuring iann dior
rain on me,lady gaga & ariana grande
for the night,pop smoke featuring lil baby & dababy
ritmo (bad boys for life),black eyed peas x j balvin
heart on ice,rod wave
nobody but you,blake shelton duet with gwen stefani
trampoline,shaed
come & go,juice wrld x marshmello
truth hurts,lizzo
if the world was ending,jp saxe featuring julia michaels
we paid,lil baby & 42 dugg
yummy,justin bieber
one man band,old dominion
got what i got,jason aldean
sunday best,surfaces
godzilla,eminem featuring juice wrld
bandit,juice wrld & youngboy never broke again
party girl,staysolidrocky
die from a broken heart,maddie & tae
popstar,dj khaled featuring drake
all i want for christmas is you,mariah carey
one of them girls,lee brice
hard to forget,sam hunt
one margarita,luke bryan
panini,lil nas x
hot,young thug featuring gunna
i hope you're happy now,carly pearce & lee brice
emotionally scarred,lil baby
suicidal,ynw melly & juice wrld
the bigger picture,lil baby
only human,jonas brothers
the woo,pop smoke featuring 50 cent & roddy ricch
sum 2 prove,lil baby
stuck with u,ariana grande & justin bieber 
mood swings,pop smoke featuring lil tjay
you should be sad,halsey
dior,pop smoke
supalonely,benee featuring gus dapperton
even though i'm leaving,luke combs
the scotts,"the scotts, travis scott & kid cudi"
juicy,doja cat & tyga
be like that,kane brown with swae lee & khalid
homesick,kane brown
rags2riches,rod wave featuring atr son son
bluebird,miranda lambert
wishing well,juice wrld
does to me,luke combs featuring eric church
p*$$y fairy (otw),jhene aiko
ily,surf mesa featuring emilee
more than my hometown,morgan wallen
lovin' on you,luke combs
said sum,moneybagg yo
slide,h.e.r. featuring yg
walk em down,nle choppa featuring roddy ricch
way 2 sexy,way 2 sexy
girls want girls,girls want girls
fair trade,fair trade
champagne poetry,champagne poetry
knife talk,knife talk
stay,stay
in the bible,in the bible
papi's home,papi's home
tsu,tsu
love all,love all
no friends in the industry,no friends in the industry
n 2 deep,n 2 deep
bad habits,bad habits
pipe down,pipe down
good 4 u,good 4 u
7am on bridle path,7am on bridle path
butter,butter
race my mind,race my mind
kiss me more,kiss me more
industry baby,industry baby
fancy like,fancy like
imy2,imy2
levitating,levitating
yebba's heartbreak,yebba's heartbreak
you only live twice,you only live twice
fountains,fountains
get along better,get along better
save your tears,save your tears
hurricane,hurricane
montero (call me by your name),montero (call me by your name)
deja vu,deja vu
fucking fans,fucking fans
heat waves,heat waves
essence,essence
the remorse,the remorse
you right,you right
take my breath,take my breath
need to know,need to know
beggin',beggin'
leave before you love me,leave before you love me
off the grid,off the grid
happier than ever,happier than ever
if i didn't love you,if i didn't love you
family ties,family ties
pepas,pepas
leave the door open,leave the door open
peaches,peaches
waves,waves
traitor,traitor
moon,moon
things a man oughta know,things a man oughta know
country again,country again
chasing after you,chasing after you
arcade,arcade
rumors,rumors
cold beer calling my name,cold beer calling my name
thot shit,thot shit
jail,jail
late at night,late at night
a-o-k,a-o-k
i was on a boat that day,i was on a boat that day
wockesha,wockesha
sharing locations,sharing locations
every chance i get,every chance i get
ok ok,ok ok
praise god,praise god
skate,skate
whole lotta money,whole lotta money
love again,love again
memory i don't mess with,memory i don't mess with
drinkin' beer. talkin' god. amen.,drinkin' beer. talkin' god. amen.
you time,you time
todo de ti,todo de ti
buy dirt,buy dirt
2055,2055
cold as you,cold as you
volvi,volvi
junya,junya
drunk (and i don't wanna go home),drunk (and i don't wanna go home)
woman,woman
we didn't have much,we didn't have much
gyalis,gyalis
wild side,wild side
yonaguni,yonaguni
believe what i say,believe what i say
memory,memory
blue note$ ii,blue note$ ii
get into it (yuh),get into it (yuh)
my boy,my boy
single saturday night,single saturday night
jonah,jonah
you should probably leave,you should probably leave
don't go yet,don't go yet
thinking 'bout you,thinking 'bout you
jesus lord,jesus lord
summer of love,summer of love
ain't shit,ain't shit
motley crew,motley crew
remote control,remote control
baddest,baddest
